,BIKESTYLE
1,ROAD
2,DIRT_JUMP
3,POLO
4,ROAD
5,DIRT_JUMP
6,BMX
7,MTB
8,MTB
9,TOURING
10,MTB
11,MTB
12,MTB
13,ROAD
14,ROAD
15,ROAD
16,MTB
17,POLO
18,MTB
19,ROAD
20,POLO
21,TOURING
22,MTB
23,TRACK
24,ROAD
25,DIRT_JUMP
26,TRACK
27,ROAD
28,MTB
29,MTB
30,POLO
31,CRUISER
32,TRACK
33,TRACK
34,COMMUTER
35,CITY
36,CYCLOCROSS
37,ROAD
39,ROAD
40,ROAD
41,ROAD
42,OTHER
43,MTB
44,ROAD
45,OTHER
46,MTB
47,TRACK
48,CRUISER
49,ROAD
50,ROAD
51,ROAD
52,OTHER
53,TRIALS
54,ROAD
55,ROAD
56,MTB
57,POLO
58,MTB
59,ROAD
60,ROAD
61,ROAD
62,MTB
63,ROAD
64,MTB
65,ROAD
66,CHILDRENS
67,CHILDRENS
68,MTB
69,TRACK
70,COMMUTER
71,ROAD
72,ROAD
73,ROAD
74,ROAD
75,MTB
76,TOURING
77,POLO
78,OTHER
79,OTHER
80,MTB
81,OTHER
82,OTHER
83,OTHER
84,MTB
85,DIRT_JUMP
86,MTB
87,MTB
88,MTB
89,OTHER
90,MTB
91,MTB
92,OTHER
93,ROAD
94,MTB
95,MTB
96,ROAD
97,MTB
98,ROAD
99,ROAD
100,MTB
101,ROAD
102,CHILDRENS
103,TOURING
104,ROAD
105,ROAD
106,CRUISER
107,ROAD
108,ROAD
109,MTB
110,MTB
111,ROAD
112,ROAD
113,TRACK
114,DIRT_JUMP
115,ROAD
116,DIRT_JUMP
117,ROAD
118,DIRT_JUMP
119,ROAD
120,COMMUTER
121,ROAD
122,ROAD
123,ROAD
124,ROAD
125,MTB
126,ROAD
127,ROAD
128,ROAD
129,ROAD
130,DIRT_JUMP
131,ROAD
132,TRIALS
133,TRACK
134,ROAD
135,MTB
136,ROAD
137,COMMUTER
138,BMX
139,ROAD
140,MTB
141,CYCLOCROSS
142,TIMETRIAL
143,MTB
144,ROAD
145,ROAD
146,ROAD
147,ROAD
148,ROAD
149,ROAD
150,ROAD
151,MTB
152,MTB
153,ROAD
154,ROAD
155,ROAD
156,ROAD
157,ROAD
158,POLO
159,OTHER
160,ROAD
161,CYCLOCROSS
162,ROAD
163,ROAD
164,OTHER
165,MTB
166,BMX
167,MTB
168,BMX
169,ROAD
170,DIRT_JUMP
171,MTB
172,ROAD
173,TRACK
174,MTB
175,ROAD
176,CITY
177,TRACK
178,ROAD
179,TOURING
180,ROAD
181,DIRT_JUMP
182,BMX
183,TRIALS
184,ROAD
185,ROAD
186,COMMUTER
187,COMMUTER
188,MTB
189,CRUISER
190,ROAD
191,ROAD
192,ROAD
193,MTB
194,OTHER
195,POLO
196,OTHER
197,BMX
198,BMX
199,OTHER
200,CYCLOCROSS
201,OTHER
202,ROAD
203,ROAD
204,OTHER
205,ROAD
206,MTB
207,BMX
208,MTB
209,ROAD
210,MTB
211,MTB
212,POLO
213,ROAD
214,ROAD
215,ROAD
216,ROAD
217,DIRT_JUMP
218,ROAD
219,ROAD
220,DIRT_JUMP
221,ROAD
222,ROAD
223,ROAD
224,ROAD
225,ROAD
226,ROAD
227,BMX
228,ROAD
230,TOURING
231,DIRT_JUMP
232,ROAD
233,TOURING
234,MTB
235,POLO
236,ROAD
237,ROAD
238,OTHER
239,DIRT_JUMP
240,ROAD
241,TRACK
242,ROAD
243,OTHER
244,ROAD
245,ROAD
246,ROAD
247,ROAD
248,MTB
249,ROAD
250,TRACK
251,OTHER
252,MTB
253,MTB
254,TRACK
255,ROAD
256,MTB
257,POLO
258,TOURING
259,ROAD
260,TRACK
261,ROAD
262,TRACK
263,ROAD
264,ROAD
265,ROAD
266,CYCLOCROSS
267,MTB
268,ROAD
269,ROAD
270,TOURING
271,OTHER
272,TOURING
273,ROAD
274,ROAD
275,TOURING
276,MTB
277,POLO
278,TOURING
279,TOURING
280,ROAD
281,TIMETRIAL
282,ROAD
283,TOURING
284,OTHER
285,TOURING
286,ROAD
287,MTB
288,MTB
289,ROAD
290,ROAD
291,OTHER
292,TOURING
293,TOURING
294,ROAD
295,ROAD
296,MTB
297,ROAD
298,ROAD
299,ROAD
300,ROAD
301,TOURING
302,ROAD
303,MTB
304,MTB
305,MTB
306,TIMETRIAL
307,TIMETRIAL
308,CITY
309,TRACK
310,TRACK
311,TRACK
312,TRACK
313,TRACK
314,TRACK
315,ROAD
316,ROAD
317,MTB
318,DIRT_JUMP
319,ROAD
320,ROAD
321,MTB
322,TOURING
323,TRACK
324,ROAD
325,CARGO
326,OTHER
327,OTHER
328,MTB
329,ROAD
330,ROAD
331,DIRT_JUMP
332,BMX
333,MTB
334,MTB
335,BMX
336,ROAD
337,MTB
338,ROAD
339,ROAD
340,TOURING
341,OTHER
342,DIRT_JUMP
343,MTB
344,MTB
345,MTB
346,ROAD
347,ROAD
348,ROAD
349,POLO
350,DIRT_JUMP
351,OTHER
352,MTB
353,TRACK
354,ROAD
355,MTB
356,MTB
357,MTB
358,ROAD
359,MTB
360,MTB
361,MTB
362,ROAD
363,MTB
364,ROAD
365,COMMUTER
366,BMX
367,CYCLOCROSS
368,ROAD
369,ROAD
370,ROAD
371,MTB
372,DIRT_JUMP
373,CYCLOCROSS
374,TOURING
375,ROAD
376,ROAD
377,DIRT_JUMP
378,MTB
379,ROAD
380,TRACK
381,ROAD
382,ROAD
383,TOURING
384,DIRT_JUMP
385,TOURING
386,ROAD
387,ROAD
388,ROAD
389,TOURING
390,TRACK
391,TOURING
392,MTB
393,MTB
394,ROAD
395,ROAD
396,ROAD
397,ROAD
398,CARGO
399,ROAD
400,CYCLOCROSS
401,OTHER
402,MTB
403,ROAD
404,ROAD
405,BMX
406,TRACK
407,ROAD
408,ROAD
409,ROAD
410,TRIALS
411,MTB
412,TOURING
413,CYCLOCROSS
414,CYCLOCROSS
415,MTB
416,ROAD
417,ROAD
418,ROAD
419,TRACK
420,MTB
421,ROAD
422,DIRT_JUMP
423,CITY
424,ROAD
425,ROAD
426,ROAD
427,ROAD
428,OTHER
429,ROAD
430,MTB
431,CITY
432,OTHER
433,MTB
434,MTB
435,OTHER
436,OTHER
437,OTHER
438,OTHER
439,OTHER
440,OTHER
441,MTB
442,TRACK
443,OTHER
444,ROAD
445,OTHER
446,OTHER
447,OTHER
448,OTHER
449,OTHER
450,ROAD
451,DIRT_JUMP
452,MTB
453,TRACK
454,OTHER
455,CRUISER
456,ROAD
457,MTB
458,MTB
459,POLO
460,POLO
461,ROAD
462,MTB
463,ROAD
464,DIRT_JUMP
465,BMX
466,CRUISER
467,ROAD
468,ROAD
469,ROAD
470,DIRT_JUMP
471,CYCLOCROSS
472,ROAD
473,MTB
474,MTB
475,ROAD
476,ROAD
477,ROAD
478,DIRT_JUMP
479,OTHER
480,ROAD
481,TIMETRIAL
482,OTHER
483,ROAD
484,MTB
485,ROAD
486,ROAD
487,CITY
488,CITY
489,ROAD
490,OTHER
491,ROAD
492,ROAD
493,ROAD
494,DIRT_JUMP
495,ROAD
496,ROAD
497,TRACK
498,DIRT_JUMP
499,DIRT_JUMP
500,OTHER
501,ROAD
502,TRACK
503,TRACK
504,TRACK
505,TRACK
506,TRACK
507,ROAD
508,MTB
509,ROAD
510,ROAD
511,ROAD
512,DIRT_JUMP
513,ROAD
514,ROAD
515,ROAD
516,TRACK
517,ROAD
518,ROAD
519,DIRT_JUMP
520,DIRT_JUMP
521,TRACK
522,CRUISER
523,TIMETRIAL
524,DIRT_JUMP
525,TRACK
526,DIRT_JUMP
527,DIRT_JUMP
528,TRACK
529,ROAD
530,ROAD
531,ROAD
532,ROAD
533,ROAD
534,ROAD
535,OTHER
536,CRUISER
537,HYBRID
538,HYBRID
539,ROAD
540,OTHER
541,CYCLOCROSS
542,CARGO
543,ROAD
544,TRACK
545,ROAD
546,ROAD
547,ROAD
548,ROAD
549,ROAD
550,MTB
551,ROAD
552,DIRT_JUMP
553,CITY
554,TRACK
555,TRACK
556,ROAD
557,MTB
558,OTHER
559,ROAD
560,ROAD
561,ROAD
562,TIMETRIAL
563,ROAD
564,POLO
565,TRACK
566,MTB
567,POLO
568,POLO
569,POLO
570,ROAD
571,ROAD
572,OTHER
573,OTHER
574,TRACK
575,ROAD
576,OTHER
577,TRACK
578,MTB
579,MTB
580,ROAD
581,COMMUTER
582,ROAD
583,TRACK
584,TRACK
585,ROAD
586,ROAD
587,TIMETRIAL
588,TIMETRIAL
589,TRACK
590,MTB
591,CYCLOCROSS
592,MTB
593,TRACK
594,ROAD
595,TRACK
596,MTB
597,ROAD
598,MTB
599,MTB
600,MTB
601,ROAD
602,TOURING
603,MTB
604,MTB
605,BMX
606,COMMUTER
607,OTHER
608,TOURING
609,ROAD
610,OTHER
611,CITY
612,ROAD
613,ROAD
614,TOURING
615,ROAD
616,ROAD
617,ROAD
618,MTB
619,ROAD
620,ROAD
621,ROAD
622,MTB
623,ROAD
624,ROAD
625,ROAD
626,MTB
627,TIMETRIAL
628,ROAD
629,ROAD
630,ROAD
631,DIRT_JUMP
632,POLO
633,POLO
634,ROAD
635,OTHER
636,ROAD
637,MTB
638,MTB
639,MTB
640,MTB
641,ROAD
642,DIRT_JUMP
643,MTB
644,MTB
645,ROAD
646,POLO
647,POLO
648,ROAD
649,ROAD
650,MTB
651,ROAD
652,ROAD
653,TRIALS
654,ROAD
655,ROAD
656,ROAD
657,ROAD
658,ROAD
659,ROAD
660,TIMETRIAL
661,CYCLOCROSS
662,OTHER
663,POLO
664,OTHER
665,ROAD
666,ROAD
667,ROAD
668,ROAD
669,OTHER
670,ROAD
671,MTB
672,OTHER
673,ROAD
674,ROAD
675,ROAD
676,TOURING
677,DIRT_JUMP
678,TIMETRIAL
679,TRACK
680,ROAD
681,COMMUTER
682,TRACK
683,TRACK
684,ROAD
685,MTB
686,MTB
687,ROAD
688,DIRT_JUMP
689,ROAD
690,DIRT_JUMP
691,ROAD
692,TOURING
693,CYCLOCROSS
694,TRACK
695,ROAD
696,ROAD
697,ROAD
698,BMX
699,ROAD
700,DIRT_JUMP
701,DIRT_JUMP
702,DIRT_JUMP
703,DIRT_JUMP
704,CYCLOCROSS
705,ROAD
706,MTB
707,ROAD
708,DIRT_JUMP
709,POLO
710,TRACK
711,ROAD
712,DIRT_JUMP
713,ROAD
714,TIMETRIAL
715,DIRT_JUMP
716,TRACK
717,TRACK
718,CITY
719,CYCLOCROSS
720,ROAD
721,TRACK
722,ROAD
723,ROAD
724,ROAD
725,TIMETRIAL
726,DIRT_JUMP
727,MTB
728,OTHER
729,TRACK
730,MTB
731,DIRT_JUMP
732,TOURING
733,TRIALS
734,ROAD
735,OTHER
736,TRIALS
737,ROAD
738,TRACK
739,TRIALS
740,OTHER
741,DIRT_JUMP
742,DIRT_JUMP
743,DIRT_JUMP
744,MTB
745,OTHER
746,TRIALS
747,ROAD
748,ROAD
749,COMMUTER
750,COMMUTER
752,DIRT_JUMP
753,OTHER
754,MTB
755,OTHER
756,MTB
757,DIRT_JUMP
758,DIRT_JUMP
759,CYCLOCROSS
760,ROAD
761,TRACK
762,ROAD
763,TRACK
764,ROAD
765,ROAD
766,DIRT_JUMP
767,TOURING
768,OTHER
769,TOURING
770,ROAD
771,COMMUTER
772,ROAD
773,DIRT_JUMP
774,CITY
775,DIRT_JUMP
776,ROAD
777,COMMUTER
778,ROAD
779,ROAD
780,OTHER
781,MTB
782,ROAD
783,TRACK
784,TRACK
785,ROAD
786,ROAD
787,ROAD
788,MTB
789,ROAD
790,ROAD
791,ROAD
792,TRACK
793,ROAD
794,POLO
795,POLO
796,POLO
797,COMMUTER
798,ROAD
799,ROAD
800,ROAD
801,MTB
802,MTB
803,MTB
804,ROAD
805,ROAD
806,ROAD
807,ROAD
808,MTB
809,CITY
810,MTB
811,OTHER
812,ROAD
813,BMX
814,COMMUTER
815,BMX
816,MTB
817,DIRT_JUMP
818,MTB
819,DIRT_JUMP
820,DIRT_JUMP
821,BMX
822,MTB
823,ROAD
824,OTHER
825,TOURING
826,TRACK
827,DIRT_JUMP
828,TRIALS
829,TRIALS
830,MTB
831,CYCLOCROSS
832,TOURING
833,ROAD
834,TRACK
835,MTB
836,DIRT_JUMP
837,DIRT_JUMP
838,ROAD
839,ROAD
840,ROAD
841,MTB
842,MTB
843,ROAD
844,BMX
845,OTHER
846,ROAD
847,MTB
848,ROAD
849,MTB
850,MTB
851,ROAD
852,ROAD
853,BMX
854,ROAD
855,ROAD
856,TRACK
857,DIRT_JUMP
858,BMX
859,ROAD
860,DIRT_JUMP
861,ROAD
862,ROAD
863,MTB
864,MTB
865,MTB
866,BMX
867,BMX
868,OTHER
869,MTB
870,TRACK
871,MTB
872,TRIALS
873,ROAD
874,ROAD
875,ROAD
876,MTB
877,ROAD
878,ROAD
879,ROAD
880,ROAD
881,BMX
882,BMX
883,TRACK
884,DIRT_JUMP
885,DIRT_JUMP
886,ROAD
887,MTB
888,POLO
889,ROAD
890,DIRT_JUMP
891,TOURING
892,ROAD
893,ROAD
894,BMX
895,ROAD
896,MTB
897,DIRT_JUMP
898,OTHER
899,OTHER
900,DIRT_JUMP
901,MTB
902,DIRT_JUMP
903,MTB
904,DIRT_JUMP
905,MTB
906,DIRT_JUMP
907,DIRT_JUMP
908,ROAD
909,POLO
910,ROAD
911,ROAD
912,ROAD
913,OTHER
914,TIMETRIAL
915,MTB
916,DIRT_JUMP
917,TRACK
918,MTB
919,ROAD
920,CYCLOCROSS
921,OTHER
922,ROAD
923,DIRT_JUMP
924,TRACK
925,DIRT_JUMP
926,DIRT_JUMP
927,DIRT_JUMP
928,DIRT_JUMP
929,DIRT_JUMP
930,OTHER
931,ROAD
932,MTB
933,MTB
934,OTHER
935,ROAD
936,ROAD
937,ROAD
938,ROAD
939,MTB
940,DIRT_JUMP
941,BMX
942,ROAD
943,TRACK
944,OTHER
945,ROAD
946,DIRT_JUMP
947,TRACK
948,CYCLOCROSS
949,ROAD
950,ROAD
951,POLO
952,CYCLOCROSS
953,TRACK
954,ROAD
955,DIRT_JUMP
956,MTB
957,ROAD
958,ROAD
959,TRACK
960,ROAD
961,MTB
962,ROAD
963,MTB
964,MTB
965,MTB
966,MTB
967,MTB
968,MTB
969,ROAD
970,ROAD
971,TRACK
972,ROAD
973,MTB
974,MTB
975,MTB
976,MTB
977,ROAD
978,ROAD
979,MTB
980,MTB
981,MTB
982,OTHER
983,MTB
984,ROAD
985,MTB
986,MTB
987,CARGO
988,DIRT_JUMP
989,CARGO
990,TRACK
991,MTB
992,DIRT_JUMP
993,OTHER
994,CYCLOCROSS
995,CARGO
996,ROAD
997,TRIALS
998,CYCLOCROSS
999,COMMUTER
1000,CYCLOCROSS
1001,ROAD
1002,MTB
1003,DIRT_JUMP
1004,MTB
1005,POLO
1006,ROAD
1007,ROAD
1008,ROAD
1009,TRACK
1010,OTHER
1011,OTHER
1012,MTB
1013,ROAD
1014,ROAD
1015,ROAD
1016,ROAD
1017,TOURING
1018,ROAD
1019,ROAD
1020,OTHER
1021,POLO
1022,ROAD
1023,ROAD
1024,DIRT_JUMP
1025,DIRT_JUMP
1026,DIRT_JUMP
1027,ROAD
1028,ROAD
1029,TRACK
1030,ROAD
1031,ROAD
1032,ROAD
1033,ROAD
1034,ROAD
1035,DIRT_JUMP
1036,ROAD
1037,TOURING
1038,DIRT_JUMP
1039,OTHER
1040,TOURING
1041,ROAD
1042,CARGO
1043,MTB
1044,COMMUTER
1045,ROAD
1046,COMMUTER
1047,DIRT_JUMP
1048,MTB
1049,CYCLOCROSS
1050,ROAD
1051,COMMUTER
1052,ROAD
1053,ROAD
1054,ROAD
1055,TRACK
1056,POLO
1057,ROAD
1058,DIRT_JUMP
1059,COMMUTER
1060,POLO
1061,DIRT_JUMP
1062,OTHER
1063,ROAD
1064,ROAD
1065,OTHER
1066,TOURING
1067,MTB
1068,POLO
1069,POLO
1070,TRACK
1071,DIRT_JUMP
1072,DIRT_JUMP
1073,ROAD
1074,ROAD
1075,ROAD
1076,ROAD
1077,MTB
1078,MTB
1079,MTB
1080,ROAD
1081,MTB
1082,MTB
1083,MTB
1084,CITY
1085,CYCLOCROSS
1086,ROAD
1087,POLO
1088,TRIALS
1089,ROAD
1090,DIRT_JUMP
1091,OTHER
1092,MTB
1093,MTB
1094,OTHER
1095,OTHER
1096,OTHER
1097,OTHER
1098,ROAD
1099,OTHER
1100,TRACK
1101,DIRT_JUMP
1102,OTHER
1103,ROAD
1104,OTHER
1105,ROAD
1106,POLO
1107,ROAD
1108,DIRT_JUMP
1109,TRIALS
1110,OTHER
1111,DIRT_JUMP
1112,DIRT_JUMP
1113,DIRT_JUMP
1114,DIRT_JUMP
1115,MTB
1116,MTB
1117,ROAD
1118,OTHER
1119,TRACK
1120,ROAD
1121,ROAD
1122,OTHER
1123,OTHER
1124,OTHER
1125,ROAD
1126,DIRT_JUMP
1127,ROAD
1128,TIMETRIAL
1129,ROAD
1130,ROAD
1131,TIMETRIAL
1132,ROAD
1133,ROAD
1134,ROAD
1135,OTHER
1136,ROAD
1137,MTB
1138,MTB
1139,MTB
1140,MTB
1141,OTHER
1142,ROAD
1143,COMMUTER
1144,ROAD
1145,ROAD
1146,MTB
1147,ROAD
1148,ROAD
1149,ROAD
1150,OTHER
1151,CARGO
1152,TRACK
1153,ROAD
1154,CRUISER
1155,MTB
1156,CITY
1157,TIMETRIAL
1158,CYCLOCROSS
1159,ROAD
1160,ROAD
1161,ROAD
1162,ROAD
1163,ROAD
1164,ROAD
1165,OTHER
1166,ROAD
1167,POLO
1168,OTHER
1169,CRUISER
1170,ROAD
1171,ROAD
1172,ROAD
1173,ROAD
1174,ROAD
1175,MTB
1176,ROAD
1177,ROAD
1178,ROAD
1179,TRACK
1180,ROAD
1181,ROAD
1182,CRUISER
1183,POLO
1184,TOURING
1185,TRACK
1186,ROAD
1187,POLO
1188,ROAD
1189,ROAD
1190,ROAD
1191,TRACK
1192,ROAD
1193,ROAD
1194,ROAD
1195,ROAD
1196,MTB
1197,TRACK
1198,TRACK
1199,OTHER
1200,POLO
1201,DIRT_JUMP
1202,DIRT_JUMP
1203,MTB
1204,OTHER
1205,CITY
1206,BMX
1207,MTB
1208,TRACK
1210,TRACK
1211,ROAD
1212,ROAD
1213,ROAD
1214,DIRT_JUMP
1215,ROAD
1216,ROAD
1217,ROAD
1218,BMX
1219,TRACK
1220,ROAD
1221,DIRT_JUMP
1222,TIMETRIAL
1223,ROAD
1224,ROAD
1225,ROAD
1226,TRACK
1227,ROAD
1228,TOURING
1229,ROAD
1230,BMX
1231,ROAD
1232,OTHER
1233,OTHER
1234,TRACK
1235,POLO
1236,DIRT_JUMP
1237,ROAD
1238,DIRT_JUMP
1240,MTB
1241,OTHER
1242,ROAD
1243,MTB
1244,OTHER
1245,ROAD
1246,TRACK
1247,ROAD
1248,ROAD
1249,MTB
1250,CRUISER
1251,TOURING
1252,ROAD
1253,CRUISER
1254,CRUISER
1255,OTHER
1256,OTHER
1257,CYCLOCROSS
1258,MTB
1259,ROAD
1260,ROAD
1261,MTB
1262,CYCLOCROSS
1263,CYCLOCROSS
1264,ROAD
1265,OTHER
1266,OTHER
1267,ROAD
1268,OTHER
1269,TRACK
1270,DIRT_JUMP
1271,ROAD
1272,TIMETRIAL
1273,MTB
1274,MTB
1275,MTB
1276,ROAD
1277,POLO
1278,CYCLOCROSS
1279,ROAD
1280,MTB
1281,TOURING
1282,ROAD
1283,TRACK
1284,OTHER
1285,TRACK
1286,ROAD
1287,OTHER
1288,TRACK
1289,TRACK
1290,ROAD
1291,OTHER
1292,TRACK
1293,POLO
1294,POLO
1295,MTB
1296,POLO
1297,ROAD
1298,OTHER
1299,TOURING
1300,ROAD
1301,OTHER
1302,OTHER
1303,ROAD
1304,ROAD
1305,TOURING
1306,ROAD
1307,MTB
1308,TOURING
1309,ROAD
1310,MTB
1311,TRACK
1312,ROAD
1313,CITY
1314,TRACK
1315,ROAD
1316,ROAD
1317,ROAD
1318,DIRT_JUMP
1319,TRACK
1320,TRACK
1322,TRACK
1323,CITY
1324,ROAD
1325,CYCLOCROSS
1326,OTHER
1327,BMX
1328,ROAD
1329,ROAD
1330,TRACK
1331,BMX
1332,ROAD
1333,OTHER
1334,ROAD
1335,OTHER
1336,TRACK
1337,DIRT_JUMP
1338,ROAD
1339,MTB
1340,DIRT_JUMP
1341,ROAD
1342,TRACK
1343,DIRT_JUMP
1344,OTHER
1345,OTHER
1346,OTHER
1347,TRACK
1348,ROAD
1349,MTB
1350,TRACK
1351,ROAD
1352,HYBRID
1353,ROAD
1354,ROAD
1355,HYBRID
1356,HYBRID
1357,COMMUTER
1358,CITY
1359,CITY
1360,CITY
1361,ROAD
1362,ROAD
1363,TOURING
1364,TRACK
1365,TRACK
1366,TIMETRIAL
1367,MTB
1368,TRIALS
1369,OTHER
1370,MTB
1371,TRACK
1372,ROAD
1373,COMMUTER
1374,ROAD
1375,TRIALS
1376,BMX
1377,MTB
1378,TRACK
1379,HYBRID
1380,MTB
1381,DIRT_JUMP
1382,CITY
1383,BMX
1384,OTHER
1385,ROAD
1386,ROAD
1387,MTB
1388,ROAD
1389,COMMUTER
1390,ROAD
1391,ROAD
1392,ROAD
1393,ROAD
1394,TRACK
1395,MTB
1396,TIMETRIAL
1397,ROAD
1398,OTHER
1399,ROAD
1400,ROAD
1401,ROAD
1402,MTB
1403,CYCLOCROSS
1404,MTB
1405,DIRT_JUMP
1406,BMX
1407,MTB
1408,TRACK
1409,ROAD
1410,ROAD
1411,ROAD
1412,ROAD
1413,OTHER
1414,ROAD
1415,ROAD
1416,ROAD
1417,ROAD
1418,ROAD
1419,BMX
1420,POLO
1421,POLO
1422,TOURING
1423,CITY
1424,MTB
1425,ROAD
1426,DIRT_JUMP
1427,TRIALS
1428,OTHER
1429,TRIALS
1430,OTHER
1431,ROAD
1432,ROAD
1433,TRACK
1434,POLO
1435,POLO
1436,OTHER
1437,OTHER
1438,OTHER
1439,ROAD
1440,OTHER
1441,OTHER
1442,OTHER
1443,TOURING
1444,OTHER
1445,POLO
1446,CITY
1447,CITY
1448,MTB
1449,TRIALS
1450,MTB
1451,ROAD
1452,OTHER
1453,OTHER
1454,CRUISER
1455,ROAD
1456,MTB
1458,ROAD
1459,CITY
1460,ROAD
1461,TRACK
1462,ROAD
1463,ROAD
1464,ROAD
1465,ROAD
1466,ROAD
1467,OTHER
1468,ROAD
1469,ROAD
1470,OTHER
1471,ROAD
1472,ROAD
1473,ROAD
1474,ROAD
1475,ROAD
1476,ROAD
1477,ROAD
1478,TRACK
1479,ROAD
1480,DIRT_JUMP
1481,DIRT_JUMP
1482,DIRT_JUMP
1483,MTB
1484,ROAD
1485,OTHER
1486,ROAD
1487,ROAD
1488,OTHER
1489,OTHER
1490,TOURING
1491,DIRT_JUMP
1492,ROAD
1493,ROAD
1494,OTHER
1495,BMX
1496,TRACK
1497,DIRT_JUMP
1498,DIRT_JUMP
1499,COMMUTER
1500,DIRT_JUMP
1501,DIRT_JUMP
1502,DIRT_JUMP
1503,ROAD
1504,DIRT_JUMP
1505,DIRT_JUMP
1506,DIRT_JUMP
1507,CITY
1508,BMX
1509,BMX
1510,ROAD
1511,ROAD
1512,ROAD
1513,TRACK
1514,TRACK
1515,BMX
1516,CYCLOCROSS
1517,ROAD
1518,ROAD
1519,ROAD
1520,ROAD
1521,TIMETRIAL
1522,ROAD
1523,POLO
1524,CYCLOCROSS
1525,ROAD
1526,ROAD
1527,ROAD
1528,ROAD
1529,ROAD
1530,TRACK
1531,OTHER
1532,ROAD
1533,ROAD
1534,ROAD
1535,ROAD
1536,ROAD
1537,DIRT_JUMP
1538,DIRT_JUMP
1539,ROAD
1540,DIRT_JUMP
1541,BMX
1542,TOURING
1543,ROAD
1544,TIMETRIAL
1545,ROAD
1547,MTB
1548,MTB
1549,MTB
1550,ROAD
1551,ROAD
1552,OTHER
1553,MTB
1554,ROAD
1555,MTB
1556,MTB
1557,TIMETRIAL
1558,ROAD
1559,CYCLOCROSS
1560,DIRT_JUMP
1561,ROAD
1562,MTB
1563,TRACK
1564,TOURING
1565,CYCLOCROSS
1566,ROAD
1567,CYCLOCROSS
1568,ROAD
1569,ROAD
1570,ROAD
1571,ROAD
1572,TIMETRIAL
1573,CYCLOCROSS
1574,MTB
1575,POLO
1576,ROAD
1577,OTHER
1578,MTB
1579,ROAD
1580,TOURING
1581,ROAD
1582,DIRT_JUMP
1583,ROAD
1584,BMX
1585,ROAD
1586,TRACK
1587,TRACK
1588,BMX
1589,ROAD
1590,ROAD
1591,ROAD
1592,ROAD
1593,ROAD
1594,TRACK
1595,ROAD
1596,TOURING
1597,TRACK
1598,ROAD
1599,BMX
1600,ROAD
1601,ROAD
1602,ROAD
1603,MTB
1604,CITY
1605,CITY
1606,TRACK
1607,ROAD
1608,TRACK
1609,ROAD
1610,ROAD
1611,MTB
1612,TOURING
1613,ROAD
1614,TOURING
1615,ROAD
1616,ROAD
1617,ROAD
1618,TIMETRIAL
1619,CYCLOCROSS
1620,MTB
1621,MTB
1622,ROAD
1623,MTB
1624,ROAD
1625,POLO
1626,MTB
1627,MTB
1628,MTB
1629,CYCLOCROSS
1630,MTB
1631,MTB
1632,MTB
1633,HYBRID
1634,MTB
1635,MTB
1636,CITY
1637,TRIALS
1638,TRACK
1639,TRACK
1640,CHILDRENS
1641,TOURING
1642,MTB
1643,MTB
1644,COMMUTER
1645,ROAD
1646,TOURING
1647,ROAD
1648,COMMUTER
1649,MTB
1650,TRACK
1651,MTB
1652,TRACK
1653,ROAD
1654,OTHER
1655,TRACK
1656,TRIALS
1657,ROAD
1658,OTHER
1659,ROAD
1660,ROAD
1661,TRACK
1662,MTB
1663,ROAD
1664,MTB
1665,ROAD
1666,MTB
1667,CRUISER
1668,ROAD
1669,ROAD
1670,ROAD
1671,COMMUTER
1672,ROAD
1673,TRACK
1674,DIRT_JUMP
1675,TRACK
1676,COMMUTER
1677,TRACK
1678,ROAD
1679,ROAD
1680,TRACK
1681,ROAD
1682,TRACK
1683,MTB
1684,MTB
1685,TRACK
1686,TRACK
1687,TRACK
1688,TRACK
1689,TRACK
1690,TRACK
1691,TRACK
1692,TRACK
1693,TRACK
1694,TRACK
1695,MTB
1696,MTB
1697,DIRT_JUMP
1698,MTB
1699,BMX
1700,MTB
1701,TRACK
1702,TRIALS
1703,TRACK
1704,ROAD
1705,DIRT_JUMP
1706,TRACK
1707,TRACK
1708,TOURING
1709,TOURING
1710,TRACK
1711,TRACK
1712,DIRT_JUMP
1713,MTB
1714,TRACK
1715,DIRT_JUMP
1716,DIRT_JUMP
1717,TIMETRIAL
1718,DIRT_JUMP
1719,TRACK
1720,DIRT_JUMP
1721,MTB
1722,MTB
1723,DIRT_JUMP
1724,MTB
1725,MTB
1726,MTB
1727,DIRT_JUMP
1728,ROAD
1729,DIRT_JUMP
1730,ROAD
1732,TOURING
1733,TRACK
1734,MTB
1735,TRACK
1736,TRACK
1737,TOURING
1738,DIRT_JUMP
1739,TRACK
1740,TRACK
1741,DIRT_JUMP
1742,ROAD
1743,ROAD
1744,TRACK
1745,ROAD
1746,TRACK
1747,DIRT_JUMP
1748,ROAD
1749,ROAD
1750,CYCLOCROSS
1751,ROAD
1752,ROAD
1753,DIRT_JUMP
1754,ROAD
1755,TRACK
1756,DIRT_JUMP
1757,DIRT_JUMP
1758,COMMUTER
1759,CYCLOCROSS
1760,CRUISER
1761,TIMETRIAL
1762,CYCLOCROSS
1763,ROAD
1764,CYCLOCROSS
1765,TIMETRIAL
1766,ROAD
1767,CRUISER
1768,ROAD
1769,CYCLOCROSS
1770,ROAD
1771,MTB
1772,TOURING
1773,TIMETRIAL
1774,OTHER
1775,MTB
1776,ROAD
1777,OTHER
1778,COMMUTER
1779,DIRT_JUMP
1780,ROAD
1781,TRACK
1782,CITY
1783,MTB
1784,TRACK
1785,DIRT_JUMP
1786,TRACK
1787,MTB
1788,MTB
1789,CITY
1790,CRUISER
1791,CRUISER
1792,CITY
1793,CRUISER
1794,TRACK
1795,TRACK
1796,ROAD
1797,TRACK
1798,ROAD
1799,TIMETRIAL
1800,DIRT_JUMP
1801,TRACK
1802,OTHER
1803,ROAD
1804,ROAD
1805,CRUISER
1806,TOURING
1807,TOURING
1808,ROAD
1809,OTHER
1810,TRACK
1811,ROAD
1812,ROAD
1813,TRACK
1814,TOURING
1815,TRACK
1816,TRACK
1817,MTB
1818,CYCLOCROSS
1819,ROAD
1820,TRACK
1821,COMMUTER
1822,MTB
1823,ROAD
1824,TOURING
1825,CITY
1826,CITY
1827,ROAD
1828,TOURING
1829,CRUISER
1830,ROAD
1831,TRACK
1832,TRACK
1833,ROAD
1834,TRACK
1835,TRACK
1836,ROAD
1837,TOURING
1838,TOURING
1839,CITY
1840,ROAD
1841,ROAD
1842,TRACK
1843,CITY
1844,MTB
1845,ROAD
1846,HYBRID
1847,ROAD
1848,ROAD
1849,MTB
1850,MTB
1851,MTB
1852,ROAD
1853,ROAD
1854,TRACK
1855,MTB
1856,ROAD
1857,MTB
1858,MTB
1859,ROAD
1860,MTB
1861,ROAD
1862,CITY
1863,ROAD
1864,DIRT_JUMP
1865,ROAD
1866,CYCLOCROSS
1867,ROAD
1868,ROAD
1869,CITY
1870,MTB
1871,MTB
1872,ROAD
1873,ROAD
1874,DIRT_JUMP
1875,ROAD
1876,ROAD
1877,MTB
1878,ROAD
1879,MTB
1880,TRIALS
1881,MTB
1882,TOURING
1883,TOURING
1884,BMX
1885,TRACK
1886,MTB
1887,TRACK
1888,TRACK
1889,DIRT_JUMP
1890,DIRT_JUMP
1891,CRUISER
1892,MTB
1893,MTB
1894,POLO
1895,ROAD
1896,MTB
1897,ROAD
1898,ROAD
1899,TIMETRIAL
1900,ROAD
1901,BMX
1902,OTHER
1903,BMX
1904,MTB
1905,MTB
1906,OTHER
1907,BMX
1908,CRUISER
1909,DIRT_JUMP
1910,DIRT_JUMP
1911,ROAD
1912,ROAD
1913,DIRT_JUMP
1914,DIRT_JUMP
1915,DIRT_JUMP
1916,DIRT_JUMP
1917,DIRT_JUMP
1918,OTHER
1919,TRACK
1920,OTHER
1921,TIMETRIAL
1922,DIRT_JUMP
1923,DIRT_JUMP
1924,OTHER
1925,OTHER
1926,CRUISER
1927,ROAD
1928,TRACK
1929,ROAD
1930,DIRT_JUMP
1931,DIRT_JUMP
1932,DIRT_JUMP
1933,DIRT_JUMP
1934,DIRT_JUMP
1935,BMX
1936,DIRT_JUMP
1937,DIRT_JUMP
1938,DIRT_JUMP
1939,DIRT_JUMP
1940,DIRT_JUMP
1941,DIRT_JUMP
1942,DIRT_JUMP
1943,TRACK
1944,DIRT_JUMP
1945,ROAD
1946,ROAD
1947,MTB
1948,POLO
1949,CYCLOCROSS
1950,COMMUTER
1951,ROAD
1952,DIRT_JUMP
1953,DIRT_JUMP
1954,CYCLOCROSS
1955,TRACK
1956,TRACK
1957,TRACK
1958,CYCLOCROSS
1959,CYCLOCROSS
1960,CYCLOCROSS
1961,TRACK
1962,TRACK
1963,TRACK
1964,TRACK
1965,TRACK
1966,TRACK
1967,TOURING
1968,TRACK
1969,TRACK
1970,TIMETRIAL
1971,ROAD
1972,TRACK
1973,ROAD
1974,ROAD
1975,TRACK
1976,HYBRID
1977,DIRT_JUMP
1978,DIRT_JUMP
1979,DIRT_JUMP
1980,DIRT_JUMP
1981,TRACK
1982,DIRT_JUMP
1983,ROAD
1984,ROAD
1985,ROAD
1986,DIRT_JUMP
1987,DIRT_JUMP
1988,ROAD
1989,DIRT_JUMP
1990,DIRT_JUMP
1991,DIRT_JUMP
1992,ROAD
1993,MTB
1994,TOURING
1995,DIRT_JUMP
1996,DIRT_JUMP
1997,ROAD
1998,ROAD
1999,ROAD
2000,TRACK
2001,ROAD
2002,ROAD
2003,ROAD
2004,ROAD
2005,ROAD
2006,TRACK
2007,HYBRID
2008,MTB
2009,ROAD
2010,TRACK
2011,DIRT_JUMP
2012,CITY
2013,ROAD
2014,DIRT_JUMP
2015,DIRT_JUMP
2016,TRACK
2017,DIRT_JUMP
2018,HYBRID
2020,TRACK
2021,TRACK
2022,ROAD
2023,TRACK
2024,CITY
2025,ROAD
2026,TRACK
2027,ROAD
2028,MTB
2029,ROAD
2030,ROAD
2031,MTB
2032,ROAD
2033,CRUISER
2034,OTHER
2035,MTB
2036,ROAD
2037,ROAD
2038,ROAD
2039,ROAD
2040,ROAD
2041,ROAD
2042,OTHER
2043,TOURING
2044,MTB
2045,ROAD
2046,ROAD
2047,TIMETRIAL
2048,CRUISER
2049,TIMETRIAL
2050,OTHER
2051,ROAD
2052,ROAD
2053,CYCLOCROSS
2054,MTB
2055,MTB
2056,ROAD
2057,OTHER
2058,TRACK
2059,ROAD
2060,COMMUTER
2061,MTB
2062,TOURING
2063,ROAD
2064,MTB
2065,MTB
2066,ROAD
2067,ROAD
2068,ROAD
2069,CYCLOCROSS
2070,TRACK
2071,OTHER
2072,ROAD
2073,ROAD
2074,ROAD
2075,TRACK
2076,ROAD
2077,OTHER
2078,DIRT_JUMP
2079,ROAD
2080,TRACK
2081,MTB
2082,DIRT_JUMP
2083,TRACK
2084,TRACK
2085,ROAD
2086,ROAD
2087,TRACK
2088,CYCLOCROSS
2089,BMX
2090,ROAD
2091,DIRT_JUMP
2092,DIRT_JUMP
2093,TRACK
2094,TRACK
2095,CITY
2096,ROAD
2097,TRACK
2098,TRACK
2099,COMMUTER
2100,ROAD
2101,ROAD
2102,POLO
2103,POLO
2104,BMX
2105,OTHER
2106,ROAD
2107,POLO
2108,OTHER
2109,POLO
2110,TRACK
2111,MTB
2112,POLO
2113,OTHER
2114,DIRT_JUMP
2115,TRACK
2116,TRACK
2117,ROAD
2118,CYCLOCROSS
2119,POLO
2120,ROAD
2121,TRACK
2122,TRACK
2123,ROAD
2124,ROAD
2125,ROAD
2126,OTHER
2127,TRACK
2128,ROAD
2129,DIRT_JUMP
2130,MTB
2131,TRACK
2132,DIRT_JUMP
2133,ROAD
2134,ROAD
2135,TOURING
2136,HYBRID
2137,MTB
2138,HYBRID
2139,CITY
2140,ROAD
2141,HYBRID
2142,ROAD
2143,ROAD
2144,TRACK
2145,MTB
2146,DIRT_JUMP
2148,TRACK
2149,DIRT_JUMP
2150,DIRT_JUMP
2151,DIRT_JUMP
2152,ROAD
2153,MTB
2154,ROAD
2155,CITY
2156,DIRT_JUMP
2157,POLO
2158,ROAD
2159,CITY
2160,POLO
2161,ROAD
2162,MTB
2164,COMMUTER
2165,CYCLOCROSS
2166,CYCLOCROSS
2167,CYCLOCROSS
2168,CYCLOCROSS
2169,MTB
2170,BMX
2171,MTB
2172,DIRT_JUMP
2173,DIRT_JUMP
2174,DIRT_JUMP
2175,ROAD
2176,DIRT_JUMP
2177,DIRT_JUMP
2178,ROAD
2179,MTB
2180,ROAD
2181,TRACK
2182,ROAD
2183,MTB
2184,MTB
2185,TRACK
2186,DIRT_JUMP
2187,ROAD
2188,DIRT_JUMP
2189,DIRT_JUMP
2190,ROAD
2191,ROAD
2192,OTHER
2193,TRACK
2194,ROAD
2195,TRACK
2196,ROAD
2197,TRACK
2198,ROAD
2199,TRACK
2200,TRACK
2201,TRACK
2202,POLO
2203,TRACK
2204,ROAD
2205,ROAD
2206,COMMUTER
2207,CYCLOCROSS
2208,ROAD
2209,MTB
2210,COMMUTER
2211,MTB
2212,TOURING
2213,MTB
2214,TRACK
2215,POLO
2216,ROAD
2217,POLO
2218,TIMETRIAL
2219,ROAD
2220,TRACK
2221,ROAD
2222,ROAD
2223,ROAD
2224,MTB
2225,CITY
2226,OTHER
2227,ROAD
2228,ROAD
2229,TRACK
2230,MTB
2231,TRACK
2232,DIRT_JUMP
2233,TRACK
2234,TRACK
2235,ROAD
2237,ROAD
2238,DIRT_JUMP
2239,DIRT_JUMP
2240,ROAD
2241,DIRT_JUMP
2242,DIRT_JUMP
2243,MTB
2244,ROAD
2245,TOURING
2246,DIRT_JUMP
2247,COMMUTER
2248,DIRT_JUMP
2249,MTB
2250,CYCLOCROSS
2251,DIRT_JUMP
2252,CRUISER
2253,DIRT_JUMP
2254,MTB
2255,BMX
2256,BMX
2257,CRUISER
2258,MTB
2259,MTB
2260,ROAD
2261,DIRT_JUMP
2262,TRACK
2263,TRACK
2264,TRACK
2265,DIRT_JUMP
2266,ROAD
2267,TRACK
2268,MTB
2269,DIRT_JUMP
2270,OTHER
2271,DIRT_JUMP
2272,DIRT_JUMP
2273,ROAD
2274,ROAD
2275,ROAD
2276,BMX
2277,DIRT_JUMP
2278,TIMETRIAL
2279,ROAD
2280,ROAD
2281,ROAD
2282,ROAD
2283,ROAD
2284,TRACK
2285,ROAD
2286,ROAD
2287,ROAD
2288,ROAD
2289,ROAD
2290,ROAD
2291,ROAD
2292,ROAD
2293,TRACK
2294,TRIALS
2295,ROAD
2296,TRACK
2297,TRACK
2298,TRACK
2299,CRUISER
2300,ROAD
2301,ROAD
2302,TRACK
2303,DIRT_JUMP
2304,ROAD
2305,MTB
2306,MTB
2307,TIMETRIAL
2308,OTHER
2309,TIMETRIAL
2310,TIMETRIAL
2311,ROAD
2312,MTB
2313,BMX
2314,ROAD
2315,TOURING
2316,TRACK
2317,ROAD
2318,ROAD
2319,TRACK
2320,TRACK
2321,TRACK
2322,ROAD
2323,TOURING
2324,MTB
2325,ROAD
2326,CARGO
2327,ROAD
2328,ROAD
2329,ROAD
2330,ROAD
2331,ROAD
2332,ROAD
2333,MTB
2334,ROAD
2335,TRACK
2336,CYCLOCROSS
2337,ROAD
2338,MTB
2339,MTB
2340,ROAD
2341,ROAD
2342,CITY
2343,MTB
2344,OTHER
2345,TRACK
2346,TRACK
2347,TRACK
2348,OTHER
2349,OTHER
2350,ROAD
2351,ROAD
2352,ROAD
2353,CRUISER
2354,OTHER
2355,CITY
2356,ROAD
2357,MTB
2358,MTB
2359,ROAD
2360,MTB
2361,CYCLOCROSS
2364,MTB
2366,ROAD
2367,ROAD
2368,ROAD
2369,ROAD
2370,COMMUTER
2371,CYCLOCROSS
2372,MTB
2373,CYCLOCROSS
2374,MTB
2375,OTHER
2376,DIRT_JUMP
2377,MTB
2378,ROAD
2379,TRACK
2380,MTB
2381,MTB
2383,ROAD
2384,CYCLOCROSS
2385,TRACK
2386,ROAD
2388,ROAD
2389,OTHER
2393,CYCLOCROSS
2394,OTHER
2395,ROAD
2396,ROAD
2398,OTHER
2400,ROAD
2401,TRACK
2402,TRACK
2403,POLO
2404,OTHER
2405,OTHER
2406,TRACK
2408,TRACK
2409,ROAD
2410,ROAD
2411,ROAD
2412,POLO
2413,POLO
2414,POLO
2415,POLO
2416,POLO
2417,POLO
2418,POLO
2419,TOURING
2420,CYCLOCROSS
2421,MTB
2422,POLO
2423,POLO
2424,ROAD
2425,MTB
2426,MTB
2427,HYBRID
2428,BMX
2429,HYBRID
2430,COMMUTER
2431,ROAD
2432,CYCLOCROSS
2433,ROAD
2434,DIRT_JUMP
2435,CARGO
2436,TRACK
2437,ROAD
2438,ROAD
2439,ROAD
2441,POLO
2442,POLO
2443,POLO
2444,ROAD
2445,OTHER
2446,CITY
2447,OTHER
2448,OTHER
2449,ROAD
2450,ROAD
2451,COMMUTER
2453,ROAD
2454,ROAD
2455,ROAD
2456,CYCLOCROSS
2457,ROAD
2459,BMX
2460,MTB
2462,ROAD
2463,ROAD
2464,MTB
2465,TRACK
2466,DIRT_JUMP
2468,OTHER
2469,DIRT_JUMP
2470,ROAD
2471,ROAD
2472,ROAD
2473,ROAD
2474,DIRT_JUMP
2475,TIMETRIAL
2476,DIRT_JUMP
2477,DIRT_JUMP
2479,ROAD
2480,ROAD
2481,OTHER
2482,OTHER
2483,TRACK
2484,TRACK
2485,TRACK
2486,DIRT_JUMP
2487,DIRT_JUMP
2488,DIRT_JUMP
2489,ROAD
2490,TRACK
2491,ROAD
2492,ROAD
2493,ROAD
2494,ROAD
2496,ROAD
2497,ROAD
2498,ROAD
2499,ROAD
2500,MTB
2502,TRACK
2503,HYBRID
2504,ROAD
2505,ROAD
2506,ROAD
2507,BMX
2508,OTHER
2509,ROAD
2510,POLO
2511,ROAD
2512,DIRT_JUMP
2513,TRACK
2514,ROAD
2515,HYBRID
2516,ROAD
2517,HYBRID
2518,OTHER
2519,ROAD
2520,DIRT_JUMP
2521,ROAD
2522,COMMUTER
2523,OTHER
2524,ROAD
2525,ROAD
2526,TOURING
2527,TRACK
2528,ROAD
2529,MTB
2530,ROAD
2531,TRIALS
2532,TRACK
2533,ROAD
2534,ROAD
2535,ROAD
2536,ROAD
2537,ROAD
2538,ROAD
2539,OTHER
2540,ROAD
2541,MTB
2542,ROAD
2543,ROAD
2544,ROAD
2545,MTB
2546,ROAD
2547,TRACK
2548,OTHER
2549,MTB
2550,MTB
2551,TRACK
2552,TRACK
2553,TRACK
2554,CITY
2555,ROAD
2556,HYBRID
2557,TRIALS
2558,CITY
2559,ROAD
2560,CRUISER
2561,DIRT_JUMP
2562,ROAD
2563,ROAD
2564,ROAD
2565,ROAD
2566,ROAD
2567,ROAD
2568,ROAD
2569,ROAD
2570,ROAD
2571,ROAD
2572,ROAD
2573,BMX
2574,ROAD
2575,ROAD
2576,ROAD
2577,ROAD
2578,ROAD
2579,ROAD
2580,ROAD
2581,ROAD
2582,ROAD
2583,ROAD
2584,ROAD
2585,ROAD
2586,ROAD
2587,ROAD
2588,ROAD
2590,ROAD
2591,ROAD
2592,ROAD
2593,TOURING
2594,ROAD
2595,ROAD
2596,TRACK
2597,MTB
2599,TIMETRIAL
2600,CITY
2601,ROAD
2602,ROAD
2603,ROAD
2604,ROAD
2605,ROAD
2606,TOURING
2607,ROAD
2608,CYCLOCROSS
2609,CYCLOCROSS
2611,CITY
2612,TRACK
2613,ROAD
2614,CRUISER
2615,ROAD
2616,MTB
2617,ROAD
2619,ROAD
2620,ROAD
2621,TIMETRIAL
2622,ROAD
2623,ROAD
2625,POLO
2626,TRIALS
2627,TRIALS
2628,MTB
2629,ROAD
2630,ROAD
2631,ROAD
2632,ROAD
2633,ROAD
2634,ROAD
2635,ROAD
2637,ROAD
2638,ROAD
2639,ROAD
2640,TIMETRIAL
2641,OTHER
2642,DIRT_JUMP
2643,MTB
2644,MTB
2645,MTB
2646,DIRT_JUMP
2647,OTHER
2648,TOURING
2651,ROAD
2652,TRACK
2653,ROAD
2654,MTB
2656,ROAD
2657,ROAD
2658,ROAD
2660,MTB
2661,ROAD
2662,CITY
2663,TRACK
2664,TRACK
2666,MTB
2667,ROAD
2668,ROAD
2669,ROAD
2670,ROAD
2671,CRUISER
2672,ROAD
2673,ROAD
2674,POLO
2675,POLO
2676,POLO
2677,BMX
2678,BMX
2679,COMMUTER
2680,MTB
2681,BMX
2682,ROAD
2683,MTB
2684,ROAD
2685,CITY
2686,ROAD
2687,MTB
2688,TRACK
2689,COMMUTER
2691,POLO
2692,COMMUTER
2693,MTB
2694,CITY
2695,ROAD
2696,OTHER
2697,ROAD
2698,DIRT_JUMP
2699,DIRT_JUMP
2700,DIRT_JUMP
2701,ROAD
2702,DIRT_JUMP
2703,TOURING
2704,TIMETRIAL
2705,ROAD
2706,COMMUTER
2707,MTB
2708,TRIALS
2709,ROAD
2710,ROAD
2711,TRACK
2712,ROAD
2713,TRACK
2714,ROAD
2715,TRACK
2716,TRACK
2717,ROAD
2719,CARGO
2720,ROAD
2721,OTHER
2722,OTHER
2723,CYCLOCROSS
2724,ROAD
2725,ROAD
2726,MTB
2727,CYCLOCROSS
2728,TRACK
2729,DIRT_JUMP
2730,MTB
2731,MTB
2732,MTB
2733,CYCLOCROSS
2734,OTHER
2735,TRACK
2736,COMMUTER
2737,ROAD
2738,TIMETRIAL
2739,ROAD
2740,ROAD
2741,TRACK
2742,TRACK
2743,CYCLOCROSS
2744,TRACK
2745,COMMUTER
2746,CITY
2747,CITY
2748,CYCLOCROSS
2749,ROAD
2750,ROAD
2751,ROAD
2752,ROAD
2753,MTB
2754,MTB
2755,ROAD
2756,ROAD
2757,CYCLOCROSS
2758,POLO
2759,ROAD
2760,CYCLOCROSS
2761,ROAD
2762,TRACK
2763,MTB
2764,DIRT_JUMP
2765,ROAD
2766,ROAD
2767,CYCLOCROSS
2768,CYCLOCROSS
2769,CYCLOCROSS
2770,ROAD
2771,TRACK
2772,ROAD
2773,CITY
2774,ROAD
2775,ROAD
2776,ROAD
2777,POLO
2778,ROAD
2779,ROAD
2783,CRUISER
2784,MTB
2785,CYCLOCROSS
2786,ROAD
2788,CYCLOCROSS
2790,ROAD
2793,HYBRID
2794,ROAD
2795,TRACK
2796,MTB
2797,DIRT_JUMP
2798,MTB
2799,ROAD
2800,TRACK
2801,ROAD
2802,TIMETRIAL
2803,TRACK
2804,ROAD
2805,ROAD
2806,ROAD
2807,ROAD
2808,ROAD
2809,DIRT_JUMP
2810,TRACK
2811,ROAD
2812,DIRT_JUMP
2813,ROAD
2814,TOURING
2815,DIRT_JUMP
2816,TOURING
2817,ROAD
2818,ROAD
2819,TOURING
2820,ROAD
2821,TRACK
2822,TOURING
2823,MTB
2824,ROAD
2825,TRACK
2826,POLO
2827,COMMUTER
2829,ROAD
2830,ROAD
2831,ROAD
2832,ROAD
2833,ROAD
2834,ROAD
2835,ROAD
2836,TOURING
2837,MTB
2838,CRUISER
2839,CRUISER
2840,MTB
2841,DIRT_JUMP
2842,OTHER
2843,TRACK
2844,CYCLOCROSS
2845,ROAD
2846,TRACK
2847,TOURING
2848,ROAD
2849,OTHER
2851,ROAD
2852,ROAD
2853,ROAD
2854,ROAD
2855,ROAD
2856,COMMUTER
2857,ROAD
2858,ROAD
2859,CYCLOCROSS
2860,CITY
2861,CITY
2862,ROAD
2863,ROAD
2864,ROAD
2865,TOURING
2866,ROAD
2868,TIMETRIAL
2869,ROAD
2870,ROAD
2871,ROAD
2872,ROAD
2873,ROAD
2874,DIRT_JUMP
2877,TRACK
2878,CITY
2879,ROAD
2881,TRACK
2882,TRACK
2883,TRACK
2885,TRACK
2886,MTB
2887,MTB
2888,MTB
2889,TRACK
2891,POLO
2892,MTB
2893,ROAD
2894,TRACK
2895,OTHER
2896,ROAD
2897,ROAD
2898,ROAD
2899,ROAD
2901,ROAD
2903,DIRT_JUMP
2904,ROAD
2905,COMMUTER
2906,COMMUTER
2908,ROAD
2909,ROAD
2910,TRACK
2911,CYCLOCROSS
2912,ROAD
2913,TIMETRIAL
2914,TRACK
2915,ROAD
2916,ROAD
2917,ROAD
2918,ROAD
2919,ROAD
2920,ROAD
2921,COMMUTER
2923,TRACK
2924,ROAD
2925,ROAD
2927,OTHER
2928,OTHER
2929,ROAD
2930,ROAD
2931,TIMETRIAL
2934,TRACK
2935,MTB
2937,TRACK
2938,TRACK
2939,ROAD
2940,TIMETRIAL
2941,ROAD
2942,TOURING
2943,ROAD
2944,TIMETRIAL
2945,ROAD
2946,TRACK
2947,POLO
2948,TRACK
2949,MTB
2950,TRACK
2952,ROAD
2953,ROAD
2954,ROAD
2955,ROAD
2956,ROAD
2957,ROAD
2958,ROAD
2959,ROAD
2960,ROAD
2961,ROAD
2962,ROAD
2963,ROAD
2964,ROAD
2965,ROAD
2966,ROAD
2967,ROAD
2968,TRACK
2969,TRACK
2970,ROAD
2971,ROAD
2972,ROAD
2973,ROAD
2974,TRACK
2975,TRACK
2976,TRACK
2977,TRACK
2978,TOURING
2979,ROAD
2982,TRACK
2984,MTB
2985,TRACK
2986,MTB
2987,MTB
2988,ROAD
2989,DIRT_JUMP
2990,BMX
2991,MTB
2992,MTB
2993,OTHER
2994,ROAD
2995,ROAD
2996,ROAD
2997,TRACK
3001,MTB
3003,MTB
3004,MTB
3005,TIMETRIAL
3008,ROAD
3010,MTB
3011,OTHER
3012,OTHER
3013,ROAD
3015,DIRT_JUMP
3016,ROAD
3017,ROAD
3018,ROAD
3019,ROAD
3020,DIRT_JUMP
3021,ROAD
3022,TRACK
3023,OTHER
3024,OTHER
3025,ROAD
3026,ROAD
3030,TRACK
3031,TRACK
3032,ROAD
3033,DIRT_JUMP
3034,TRACK
3035,TOURING
3036,ROAD
3037,TRACK
3038,ROAD
3039,CYCLOCROSS
3040,ROAD
3041,CYCLOCROSS
3042,ROAD
3044,ROAD
3045,BMX
3046,ROAD
3047,ROAD
3048,TRACK
3049,CARGO
3050,ROAD
3051,ROAD
3052,OTHER
3053,ROAD
3054,TRACK
3055,TRACK
3056,ROAD
3057,ROAD
3058,ROAD
3059,ROAD
3060,ROAD
3061,ROAD
3062,ROAD
3063,ROAD
3064,ROAD
3065,ROAD
3066,ROAD
3067,ROAD
3068,TIMETRIAL
3069,ROAD
3070,CYCLOCROSS
3071,TRACK
3072,ROAD
3073,ROAD
3074,HYBRID
3075,HYBRID
3076,ROAD
3077,ROAD
3078,CYCLOCROSS
3079,ROAD
3080,ROAD
3081,ROAD
3082,ROAD
3083,HYBRID
3084,ROAD
3085,CYCLOCROSS
3086,TRACK
3087,TOURING
3088,TOURING
3089,TOURING
3090,MTB
3091,TRACK
3092,TIMETRIAL
3095,OTHER
3096,ROAD
3101,TIMETRIAL
3102,ROAD
3104,TRACK
3105,OTHER
3106,TIMETRIAL
3107,ROAD
3108,TRACK
3109,ROAD
3110,TRACK
3111,ROAD
3112,ROAD
3113,ROAD
3114,ROAD
3116,ROAD
3117,ROAD
3118,MTB
3119,ROAD
3120,CYCLOCROSS
3121,CYCLOCROSS
3122,MTB
3123,ROAD
3125,ROAD
3126,ROAD
3127,ROAD
3129,TRACK
3130,ROAD
3131,POLO
3132,MTB
3133,TRACK
3134,TRACK
3136,ROAD
3137,ROAD
3138,ROAD
3139,ROAD
3140,ROAD
3142,ROAD
3145,ROAD
3146,ROAD
3147,ROAD
3149,ROAD
3150,ROAD
3151,ROAD
3152,ROAD
3153,TRACK
3154,ROAD
3155,TIMETRIAL
3156,ROAD
3158,POLO
3159,ROAD
3160,TRACK
3161,ROAD
3165,POLO
3166,POLO
3167,ROAD
3168,POLO
3170,ROAD
3171,ROAD
3172,ROAD
3173,ROAD
3174,ROAD
3175,TOURING
3176,TOURING
3177,TOURING
3183,MTB
3184,BMX
3186,BMX
3188,ROAD
3189,BMX
3191,CYCLOCROSS
3192,ROAD
3194,OTHER
3196,POLO
3197,POLO
3198,ROAD
3199,HYBRID
3200,ROAD
3201,ROAD
3204,POLO
3205,ROAD
3206,ROAD
3208,DIRT_JUMP
3210,CITY
3211,OTHER
3212,TIMETRIAL
3213,OTHER
3214,OTHER
3215,POLO
3216,ROAD
3217,ROAD
3218,CYCLOCROSS
3221,ROAD
3222,ROAD
3223,TIMETRIAL
3224,HYBRID
3225,MTB
3226,CYCLOCROSS
3227,CYCLOCROSS
3228,POLO
3230,MTB
3231,ROAD
3232,TRACK
3233,ROAD
3234,ROAD
3235,CYCLOCROSS
3236,ROAD
3237,ROAD
3238,TRACK
3239,ROAD
3240,ROAD
3241,CYCLOCROSS
3242,CYCLOCROSS
3245,ROAD
3246,BMX
3248,ROAD
3250,ROAD
3251,TRACK
3252,CARGO
3253,ROAD
3254,TRACK
3255,OTHER
3257,ROAD
3258,ROAD
3259,CYCLOCROSS
3261,ROAD
3262,ROAD
3263,ROAD
3264,ROAD
3265,ROAD
3266,ROAD
3267,CYCLOCROSS
3268,CYCLOCROSS
3269,ROAD
3270,ROAD
3271,TRACK
3272,ROAD
3273,TRACK
3274,ROAD
3275,MTB
3276,TOURING
3277,ROAD
3278,ROAD
3279,ROAD
3280,ROAD
3281,ROAD
3282,TRACK
3283,ROAD
3284,CYCLOCROSS
3285,TRACK
3286,TRACK
3287,TRACK
3288,TRACK
3289,TRACK
3290,TRACK
3291,BMX
3292,ROAD
3293,TRACK
3294,ROAD
3295,TRACK
3296,ROAD
3297,ROAD
3298,TRACK
3299,ROAD
3300,ROAD
3301,ROAD
3302,ROAD
3303,ROAD
3304,ROAD
3305,TRACK
3306,ROAD
3307,TOURING
3308,TOURING
3309,TRACK
3311,OTHER
3314,ROAD
3315,MTB
3316,ROAD
3317,TRACK
3318,ROAD
3319,ROAD
3320,ROAD
3321,ROAD
3322,ROAD
3323,ROAD
3324,ROAD
3325,CYCLOCROSS
3326,ROAD
3327,ROAD
3328,ROAD
3329,ROAD
3330,ROAD
3334,TRACK
3338,ROAD
3339,ROAD
3340,ROAD
3341,ROAD
3342,ROAD
3343,ROAD
3344,OTHER
3345,OTHER
3346,ROAD
3347,ROAD
3348,TRACK
3349,TRACK
3350,ROAD
3351,ROAD
3352,TOURING
3353,ROAD
3354,ROAD
3355,ROAD
3356,ROAD
3357,TRACK
3358,CYCLOCROSS
3359,TIMETRIAL
3360,ROAD
3361,TOURING
3362,MTB
3363,MTB
3364,ROAD
3365,ROAD
3366,MTB
3367,COMMUTER
3368,COMMUTER
3369,ROAD
3370,ROAD
3371,TRACK
3372,DIRT_JUMP
3373,ROAD
3374,ROAD
3375,ROAD
3376,TRACK
3377,MTB
3378,TRACK
3379,TIMETRIAL
3380,ROAD
3381,ROAD
3382,ROAD
3383,ROAD
3384,ROAD
3385,ROAD
3386,ROAD
3387,ROAD
3388,ROAD
3389,ROAD
3390,TRACK
3391,MTB
3392,MTB
3393,ROAD
3394,ROAD
3395,ROAD
3396,ROAD
3397,CYCLOCROSS
3398,CYCLOCROSS
3399,CYCLOCROSS
3400,ROAD
3401,ROAD
3402,ROAD
3403,ROAD
3404,ROAD
3405,ROAD
3406,ROAD
3407,CYCLOCROSS
3408,TRACK
3409,TRACK
3410,ROAD
3411,ROAD
3412,TOURING
3413,MTB
3414,ROAD
3415,TRACK
3416,MTB
3417,MTB
3420,ROAD
3421,BMX
3422,CYCLOCROSS
3423,CYCLOCROSS
3424,ROAD
3425,ROAD
3426,CYCLOCROSS
3427,ROAD
3428,TRACK
3429,TOURING
3430,TOURING
3431,TRACK
3432,ROAD
3433,ROAD
3434,TRACK
3435,TIMETRIAL
3436,POLO
3437,POLO
3438,OTHER
3439,OTHER
3441,OTHER
3442,ROAD
3443,ROAD
3444,ROAD
3445,ROAD
3446,OTHER
3447,ROAD
3448,TRACK
3449,ROAD
3450,ROAD
3451,TRACK
3452,ROAD
3453,TRACK
3454,ROAD
3455,ROAD
3456,ROAD
3457,ROAD
3458,HYBRID
3459,HYBRID
3460,CHILDRENS
3461,ROAD
3462,ROAD
3463,ROAD
3464,TRACK
3466,ROAD
3467,OTHER
3468,ROAD
3470,ROAD
3471,ROAD
3472,MTB
3473,ROAD
3474,TRACK
3475,OTHER
3476,OTHER
3477,OTHER
3478,OTHER
3479,OTHER
3480,ROAD
3481,OTHER
3482,COMMUTER
3483,COMMUTER
3484,ROAD
3485,ROAD
3486,DIRT_JUMP
3487,DIRT_JUMP
3488,TOURING
3489,TOURING
3490,ROAD
3491,TOURING
3492,ROAD
3493,MTB
3494,MTB
3495,ROAD
3496,TRACK
3497,ROAD
3498,OTHER
3499,OTHER
3500,ROAD
3501,ROAD
3502,ROAD
3503,TRACK
3506,TRACK
3507,ROAD
3508,CITY
3510,CITY
3511,OTHER
3512,OTHER
3514,ROAD
3516,ROAD
3517,TRACK
3518,ROAD
3519,ROAD
3520,ROAD
3521,ROAD
3522,ROAD
3523,ROAD
3524,ROAD
3525,ROAD
3526,ROAD
3527,ROAD
3528,ROAD
3529,HYBRID
3531,OTHER
3534,ROAD
3535,ROAD
3536,MTB
3537,MTB
3538,OTHER
3539,TIMETRIAL
3540,OTHER
3541,TIMETRIAL
3542,ROAD
3543,ROAD
3544,TOURING
3545,TOURING
3546,ROAD
3547,ROAD
3548,ROAD
3549,TOURING
3550,ROAD
3551,OTHER
3553,TRACK
3556,ROAD
3557,ROAD
3558,TOURING
3559,TRACK
3560,ROAD
3561,ROAD
3562,TOURING
3563,ROAD
3565,MTB
3566,TRACK
3567,TRACK
3568,ROAD
3569,ROAD
3570,ROAD
3571,ROAD
3573,ROAD
3574,ROAD
3576,TIMETRIAL
3577,TRACK
3578,CITY
3579,ROAD
3580,ROAD
3581,OTHER
3582,ROAD
3583,ROAD
3584,ROAD
3585,ROAD
3586,ROAD
3589,ROAD
3590,MTB
3591,ROAD
3592,ROAD
3593,ROAD
3594,ROAD
3595,ROAD
3596,ROAD
3597,ROAD
3598,ROAD
3599,ROAD
3600,ROAD
3601,ROAD
3602,ROAD
3603,ROAD
3604,CITY
3605,ROAD
3606,TOURING
3607,MTB
3608,TOURING
3609,ROAD
3610,TRACK
3611,ROAD
3612,ROAD
3613,ROAD
3614,ROAD
3615,ROAD
3616,ROAD
3617,ROAD
3618,ROAD
3619,ROAD
3620,ROAD
3621,ROAD
3622,ROAD
3623,ROAD
3624,MTB
3625,ROAD
3626,MTB
3627,TOURING
3628,ROAD
3629,ROAD
3630,ROAD
3631,ROAD
3632,ROAD
3633,ROAD
3634,CYCLOCROSS
3635,ROAD
3636,ROAD
3637,CYCLOCROSS
3638,ROAD
3639,ROAD
3640,OTHER
3641,ROAD
3642,BMX
3643,OTHER
3644,ROAD
3645,HYBRID
3646,ROAD
3647,TOURING
3649,TRACK
3650,BMX
3651,ROAD
3652,ROAD
3653,BMX
3654,MTB
3655,ROAD
3656,ROAD
3657,ROAD
3658,MTB
3659,ROAD
3660,ROAD
3661,COMMUTER
3662,ROAD
3663,ROAD
3664,ROAD
3665,ROAD
3666,ROAD
3667,ROAD
3668,TRACK
3669,ROAD
3670,ROAD
3671,ROAD
3672,ROAD
3673,MTB
3674,MTB
3675,MTB
3676,MTB
3677,ROAD
3678,ROAD
3679,OTHER
3681,TIMETRIAL
3682,TIMETRIAL
3683,TIMETRIAL
3684,ROAD
3685,ROAD
3686,ROAD
3687,ROAD
3688,ROAD
3690,ROAD
3691,ROAD
3692,ROAD
3693,ROAD
3694,ROAD
3695,ROAD
3696,ROAD
3697,ROAD
3698,TRACK
3699,MTB
3700,ROAD
3701,MTB
3702,POLO
3703,ROAD
3704,HYBRID
3705,OTHER
3706,MTB
3707,ROAD
3708,ROAD
3709,ROAD
3710,MTB
3711,ROAD
3712,MTB
3713,ROAD
3714,ROAD
3715,ROAD
3716,ROAD
3717,ROAD
3718,ROAD
3719,TIMETRIAL
3720,CYCLOCROSS
3721,MTB
3727,MTB
3728,ROAD
3729,CYCLOCROSS
3730,TOURING
3732,CARGO
3734,POLO
3735,TRACK
3736,ROAD
3737,ROAD
3738,TRACK
3739,ROAD
3740,TIMETRIAL
3741,ROAD
3742,TIMETRIAL
3743,ROAD
3744,ROAD
3747,ROAD
3748,MTB
3749,ROAD
3751,TIMETRIAL
3752,MTB
3753,TRACK
3754,ROAD
3755,OTHER
3756,HYBRID
3758,ROAD
3759,TRACK
3760,ROAD
3761,ROAD
3762,ROAD
3763,TRACK
3765,ROAD
3766,ROAD
3767,BMX
3768,MTB
3769,ROAD
3770,ROAD
3771,MTB
3772,CYCLOCROSS
3773,CYCLOCROSS
3774,OTHER
3775,TRACK
3776,ROAD
3777,ROAD
3779,TRACK
3780,CRUISER
3781,ROAD
3782,ROAD
3783,TRACK
3784,TRACK
3785,ROAD
3786,TRACK
3787,TOURING
3788,DIRT_JUMP
3789,BMX
3790,BMX
3791,ROAD
3792,ROAD
3793,DIRT_JUMP
3794,MTB
3795,ROAD
3797,ROAD
3798,POLO
3799,ROAD
3800,TOURING
3801,ROAD
3802,OTHER
3803,CYCLOCROSS
3804,TOURING
3806,ROAD
3807,TOURING
3808,TOURING
3809,TRACK
3810,OTHER
3811,TRACK
3812,CRUISER
3813,MTB
3814,ROAD
3816,DIRT_JUMP
3817,ROAD
3818,MTB
3819,CYCLOCROSS
3820,ROAD
3821,CYCLOCROSS
3822,TRACK
3823,ROAD
3824,TIMETRIAL
3825,MTB
3826,CYCLOCROSS
3827,CYCLOCROSS
3828,DIRT_JUMP
3829,ROAD
3830,CYCLOCROSS
3831,ROAD
3832,POLO
3834,ROAD
3835,ROAD
3836,ROAD
3837,ROAD
3838,TOURING
3839,ROAD
3840,ROAD
3841,ROAD
3842,ROAD
3843,ROAD
3844,ROAD
3845,TOURING
3846,TOURING
3847,ROAD
3848,ROAD
3849,ROAD
3850,ROAD
3851,ROAD
3852,TRACK
3853,TRACK
3854,MTB
3855,ROAD
3856,MTB
3857,MTB
3858,MTB
3859,MTB
3860,ROAD
3861,CITY
3862,MTB
3863,TRACK
3864,ROAD
3865,ROAD
3866,ROAD
3867,TRACK
3868,TRACK
3869,ROAD
3870,ROAD
3871,ROAD
3872,TOURING
3873,CYCLOCROSS
3874,POLO
3876,ROAD
3877,TOURING
3878,DIRT_JUMP
3879,MTB
3880,ROAD
3881,DIRT_JUMP
3882,DIRT_JUMP
3883,CYCLOCROSS
3884,CYCLOCROSS
3885,MTB
3886,MTB
3887,DIRT_JUMP
3888,DIRT_JUMP
3889,MTB
3890,ROAD
3891,ROAD
3892,ROAD
3893,ROAD
3894,OTHER
3895,OTHER
3896,DIRT_JUMP
3897,MTB
3898,MTB
3899,MTB
3900,MTB
3901,CYCLOCROSS
3902,ROAD
3903,TOURING
3904,DIRT_JUMP
3906,MTB
3907,HYBRID
3908,ROAD
3909,ROAD
3910,MTB
3911,ROAD
3912,POLO
3913,POLO
3914,ROAD
3915,MTB
3916,ROAD
3917,OTHER
3918,MTB
3919,TOURING
3920,ROAD
3921,ROAD
3922,OTHER
3923,ROAD
3925,CRUISER
3926,BMX
3927,BMX
3929,TOURING
3930,ROAD
3934,TOURING
3935,TOURING
3936,ROAD
3937,MTB
3939,OTHER
3940,CITY
3941,TRACK
3942,CYCLOCROSS
3943,CYCLOCROSS
3944,TRACK
3945,TRACK
3946,TRACK
3947,TRACK
3948,TRACK
3949,TRACK
3950,MTB
3951,ROAD
3952,ROAD
3953,TRACK
3954,TRACK
3955,TRACK
3956,TRACK
3957,TIMETRIAL
3958,TRACK
3959,ROAD
3960,ROAD
3961,ROAD
3962,ROAD
3965,CHILDRENS
3966,ROAD
3967,MTB
3968,TRACK
3969,MTB
3970,MTB
3971,CHILDRENS
3972,ROAD
3974,ROAD
3975,ROAD
3976,MTB
3979,ROAD
3980,ROAD
3982,TOURING
3983,ROAD
3984,MTB
3985,TOURING
3986,TOURING
3989,ROAD
3990,ROAD
3991,ROAD
3992,ROAD
3993,ROAD
3994,ROAD
3995,ROAD
3996,ROAD
3997,POLO
3998,ROAD
3999,TRACK
4000,ROAD
4001,ROAD
4002,ROAD
4003,ROAD
4004,ROAD
4005,ROAD
4006,CYCLOCROSS
4007,ROAD
4008,ROAD
4009,ROAD
4010,MTB
4011,ROAD
4012,ROAD
4013,ROAD
4014,ROAD
4015,ROAD
4016,ROAD
4017,ROAD
4018,ROAD
4019,ROAD
4020,HYBRID
4021,TRACK
4022,TRACK
4023,ROAD
4024,ROAD
4025,ROAD
4027,MTB
4028,ROAD
4029,ROAD
4030,ROAD
4031,MTB
4032,ROAD
4033,ROAD
4034,ROAD
4035,TOURING
4036,TOURING
4037,ROAD
4038,ROAD
4040,ROAD
4041,ROAD
4042,ROAD
4043,ROAD
4044,ROAD
4046,MTB
4048,OTHER
4049,CYCLOCROSS
4050,ROAD
4051,ROAD
4052,OTHER
4053,ROAD
4054,MTB
4055,TOURING
4057,POLO
4059,TOURING
4060,ROAD
4061,TRACK
4062,ROAD
4063,ROAD
4064,ROAD
4065,TIMETRIAL
4066,ROAD
4067,CITY
4068,MTB
4069,ROAD
4070,CYCLOCROSS
4071,TRACK
4072,TIMETRIAL
4074,ROAD
4075,ROAD
4076,ROAD
4077,ROAD
4078,ROAD
4079,ROAD
4080,ROAD
4084,TRACK
4085,ROAD
4086,ROAD
4087,ROAD
4088,MTB
4089,MTB
4090,OTHER
4091,OTHER
4092,ROAD
4093,HYBRID
4094,TRACK
4095,MTB
4097,ROAD
4099,TOURING
4100,TOURING
4101,TOURING
4102,TOURING
4103,TOURING
4104,TOURING
4105,TRACK
4106,TOURING
4107,TOURING
4108,TOURING
4109,ROAD
4110,TOURING
4111,TRACK
4112,TRACK
4113,TRACK
4114,TOURING
4115,TOURING
4116,ROAD
4117,ROAD
4118,ROAD
4119,CRUISER
4120,ROAD
4121,TOURING
4124,ROAD
4125,MTB
4126,ROAD
4127,ROAD
4130,TOURING
4131,ROAD
4132,ROAD
4133,ROAD
4134,TOURING
4135,OTHER
4136,ROAD
4137,TOURING
4138,ROAD
4140,ROAD
4141,MTB
4142,ROAD
4143,OTHER
4144,OTHER
4146,ROAD
4147,HYBRID
4148,HYBRID
4149,TOURING
4150,TOURING
4151,MTB
4152,ROAD
4154,ROAD
4155,ROAD
4156,TOURING
4157,TOURING
4158,ROAD
4159,ROAD
4160,ROAD
4161,ROAD
4162,MTB
4163,CYCLOCROSS
4164,ROAD
4165,MTB
4167,CHILDRENS
4168,CHILDRENS
4169,TOURING
4170,CHILDRENS
4171,TOURING
4172,ROAD
4173,TOURING
4174,TOURING
4175,ROAD
4176,ROAD
4177,ROAD
4178,TIMETRIAL
4179,ROAD
4180,ROAD
4181,ROAD
4182,TOURING
4184,MTB
4185,MTB
4186,COMMUTER
4187,COMMUTER
4190,ROAD
4191,TOURING
4192,TOURING
4193,ROAD
4194,ROAD
4196,ROAD
4202,OTHER
4205,ROAD
4207,ROAD
4208,OTHER
4210,TOURING
4211,TOURING
4212,ROAD
4213,OTHER
4214,OTHER
4215,ROAD
4216,ROAD
4217,ROAD
4218,OTHER
4219,OTHER
4220,ROAD
4221,ROAD
4222,ROAD
4223,ROAD
4224,MTB
4225,TRACK
4226,MTB
4227,MTB
4228,ROAD
4229,MTB
4230,MTB
4234,MTB
4235,ROAD
4237,TOURING
4238,POLO
4239,ROAD
4240,MTB
4241,MTB
4242,MTB
4243,MTB
4244,MTB
4246,ROAD
4247,GRAVEL
4248,TOURING
4249,MTB
4250,MTB
4251,MTB
4252,CYCLOCROSS
4253,ROAD
4255,ROAD
4256,TRACK
4257,TOURING
4258,TOURING
4259,OTHER
4260,OTHER
4261,TOURING
4262,GRAVEL
4265,MTB
4266,MTB
4267,ROAD
4269,ROAD
4270,ROAD
4271,DIRT_JUMP
4272,ROAD
4274,ROAD
4275,ROAD
4276,ROAD
4277,MTB
4278,ROAD
4279,DIRT_JUMP
4280,DIRT_JUMP
4281,MTB
4282,MTB
4283,TOURING
4284,TRACK
4285,TRACK
4286,ROAD
4288,ROAD
4289,ROAD
4290,ROAD
4291,MTB
4292,TIMETRIAL
4293,CITY
4294,TOURING
4295,CYCLOCROSS
4296,ROAD
4298,ROAD
4299,ROAD
4300,ROAD
4302,ROAD
4303,ROAD
4304,ROAD
4306,ROAD
4307,ROAD
4308,ROAD
4309,GRAVEL
4310,CYCLOCROSS
4311,ROAD
4312,ROAD
4313,ROAD
4314,ROAD
4315,ROAD
4316,ROAD
4317,ROAD
4318,ROAD
4320,ROAD
4321,ROAD
4322,ROAD
4323,ROAD
4324,ROAD
4325,MTB
4326,ROAD
4327,ROAD
4328,ROAD
4329,GRAVEL
4330,ROAD
4331,ROAD
4333,ROAD
4334,ROAD
4336,TRACK
4337,BMX
4338,BMX
4339,BMX
4340,TRACK
4341,ROAD
4342,MTB
4343,OTHER
4344,TRACK
4345,CYCLOCROSS
4346,MTB
4347,GRAVEL
4348,ROAD
4349,ROAD
4350,TOURING
4351,ROAD
4352,GRAVEL
4353,ROAD
4354,ROAD
4355,MTB
4356,OTHER
4357,ROAD
4358,ROAD
4359,MTB
4360,CYCLOCROSS
4361,ROAD
4362,MTB
4363,OTHER
4364,CYCLOCROSS
4365,ROAD
4367,MTB
4368,MTB
4369,MTB
4370,MTB
4371,ROAD
4372,OTHER
4373,TRIALS
4374,GRAVEL
4375,ROAD
4376,ROAD
4377,POLO
4378,ROAD
4379,POLO
4380,POLO
4381,ROAD
4382,ROAD
4383,BMX
4384,COMMUTER
4385,ROAD
4386,MTB
4387,ROAD
4388,MTB
4389,COMMUTER
4390,GRAVEL
4391,ROAD
4392,OTHER
4393,OTHER
4394,OTHER
4395,OTHER
4396,OTHER
4397,OTHER
4398,OTHER
4399,OTHER
4400,MTB
4401,MTB
4402,MTB
4403,MTB
4404,MTB
4405,MTB
4406,GRAVEL
4407,MTB
4408,TRACK
4409,OTHER
4410,ROAD
4411,ROAD
4412,TRACK
4416,ROAD
4417,TRACK
4419,TOURING
4420,TOURING
4421,ROAD
4422,ROAD
4424,ROAD
4425,ROAD
4426,ROAD
4427,ROAD
4428,MTB
4429,TRIALS
4430,TIMETRIAL
4431,ROAD
4432,GRAVEL
4433,TOURING
4434,TOURING
4435,TOURING
4436,TOURING
4437,CITY
4438,TOURING
4439,OTHER
4440,OTHER
4441,MTB
4442,MTB
4443,MTB
4444,MTB
4445,MTB
4446,ROAD
4447,ROAD
4448,MTB
4449,MTB
4451,MTB
4453,ROAD
4454,ROAD
4455,CITY
4456,TRACK
4458,COMMUTER
4459,OTHER
4460,MTB
4461,ROAD
4462,ROAD
4463,ROAD
4464,TOURING
4465,ROAD
4466,TRACK
4467,OTHER
4468,OTHER
4469,TRACK
4470,MTB
4471,ROAD
4472,ROAD
4473,ROAD
4474,ROAD
4475,MTB
4476,TOURING
4477,ROAD
4478,OTHER
4479,MTB
4480,MTB
4481,DIRT_JUMP
4482,DIRT_JUMP
4483,MTB
4486,MTB
4487,ROAD
4488,ROAD
4489,ROAD
4490,ROAD
4491,ROAD
4492,ROAD
4493,POLO
4494,MTB
4495,POLO
4496,POLO
4498,ROAD
4499,ROAD
4500,MTB
4501,MTB
4503,COMMUTER
4504,ROAD
4505,ROAD
4506,ROAD
4507,MTB
4508,MTB
4509,POLO
4510,TRACK
4511,OTHER
4512,MTB
4513,OTHER
4515,MTB
4516,OTHER
4517,OTHER
4518,ROAD
4519,CYCLOCROSS
4520,MTB
4521,COMMUTER
4522,TRACK
4525,MTB
4526,MTB
4528,POLO
4529,ROAD
4530,POLO
4531,TOURING
4532,MTB
4533,MTB
4535,MTB
4537,TRIALS
4538,TRIALS
4540,ROAD
4541,TIMETRIAL
4543,ROAD
4544,ROAD
4545,ROAD
4546,ROAD
4547,DIRT_JUMP
4548,ROAD
4549,OTHER
4550,ROAD
4551,ROAD
4552,MTB
4553,GRAVEL
4554,ROAD
4555,ROAD
4556,ROAD
4557,ROAD
4558,ROAD
4559,ROAD
4560,ROAD
4562,ROAD
4563,MTB
4564,TRACK
4566,TRACK
4567,ROAD
4568,ROAD
4569,MTB
4570,COMMUTER
4571,COMMUTER
4572,COMMUTER
4573,COMMUTER
4574,COMMUTER
4575,GRAVEL
4576,ROAD
4577,ROAD
4578,ROAD
4579,ROAD
4580,MTB
4581,ROAD
4585,MTB
4586,OTHER
4587,TRACK
4588,ROAD
4589,POLO
4590,ROAD
4591,ROAD
4592,MTB
4593,ROAD
4594,GRAVEL
4595,ROAD
4596,CYCLOCROSS
4597,CYCLOCROSS
4598,CYCLOCROSS
4599,CYCLOCROSS
4600,TOURING
4601,TRACK
4602,ROAD
4603,TOURING
4604,ROAD
4605,POLO
4606,ROAD
4607,ROAD
4610,MTB
4613,ROAD
4614,POLO
4615,ROAD
4616,MTB
4617,MTB
4618,FAT
4619,MTB
4620,ROAD
4621,ROAD
4622,ROAD
4623,POLO
4624,ROAD
4625,ROAD
4627,ROAD
4628,ROAD
4629,ROAD
4630,ROAD
4631,ROAD
4632,MTB
4633,ROAD
4634,ROAD
4635,ROAD
4636,ROAD
4637,ROAD
4639,OTHER
4641,ROAD
4643,MTB
4644,MTB
4645,MTB
4646,TOURING
4647,TOURING
4648,TOURING
4649,ROAD
4650,ROAD
4651,ROAD
4652,OTHER
4653,ROAD
4654,ROAD
4655,MTB
4656,MTB
4657,MTB
4658,TIMETRIAL
4659,ROAD
4661,GRAVEL
4662,ROAD
4663,ROAD
4664,ROAD
4665,MTB
4666,GRAVEL
4667,ROAD
4669,ROAD
4670,OTHER
4671,OTHER
4672,MTB
4673,DIRT_JUMP
4674,MTB
4677,MTB
4678,ROAD
4679,TIMETRIAL
4680,ROAD
4681,ROAD
4682,GRAVEL
4683,ROAD
4684,COMMUTER
4685,ROAD
4686,ROAD
4687,ROAD
4689,ROAD
4690,TRACK
4691,MTB
4692,MTB
4693,ROAD
4694,ROAD
4695,COMMUTER
4696,ROAD
4697,MTB
4698,ROAD
4699,ROAD
4700,ROAD
4701,ROAD
4702,ROAD
4703,ROAD
4704,ROAD
4705,ROAD
4706,ROAD
4707,ROAD
4708,ROAD
4709,ROAD
4710,ROAD
4711,ROAD
4712,ROAD
4713,ROAD
4714,ROAD
4715,MTB
4716,ROAD
4717,ROAD
4718,ROAD
4719,ROAD
4720,MTB
4721,GRAVEL
4722,MTB
4723,ROAD
4724,GRAVEL
4725,ROAD
4726,OTHER
4727,OTHER
4728,ROAD
4729,BMX
4730,ROAD
4731,MTB
4732,MTB
4733,MTB
4734,MTB
4735,OTHER
4736,MTB
4737,MTB
4738,MTB
4740,ROAD
4741,MTB
4743,ROAD
4744,ROAD
4745,MTB
4746,OTHER
4747,MTB
4748,ROAD
4749,ROAD
4750,ROAD
4751,ROAD
4752,OTHER
4753,OTHER
4754,OTHER
4755,TIMETRIAL
4756,MTB
4758,DIRT_JUMP
4759,TIMETRIAL
4760,ROAD
4761,OTHER
4762,ROAD
4763,ROAD
4764,ROAD
4765,ROAD
4766,MTB
4767,TRIALS
4768,HYBRID
4769,TIMETRIAL
4770,MTB
4771,HYBRID
4772,ROAD
4773,ROAD
4774,TIMETRIAL
4775,OTHER
4776,OTHER
4777,OTHER
4778,OTHER
4779,MTB
4781,MTB
4782,TOURING
4783,MTB
4784,MTB
4785,ROAD
4786,GRAVEL
4788,ROAD
4789,CYCLOCROSS
4791,MTB
4792,MTB
4793,MTB
4794,MTB
4795,MTB
4796,COMMUTER
4797,MTB
4798,ROAD
4799,ROAD
4800,ROAD
